Model,RMSE,MAE,R2 Score
Linear Regression,53.85344583676592,42.79409467959994,0.4526027629719196
Random Forest,54.461217375612414,44.276123595505624,0.4401775677972706
